video_url,description,class,audio_path,video_path,transcript,facial_expression
https://www.tiktok.com/@coeliacmamlife/video/7642763078676876566,"Love, love, love this cleanser! Texture is smooth, not scented and I’ve personally noticed a change in my skin since using this cleanser #ceravecleanser #ceraeve #fyp #coeliacmamlife #tiktokmadebuythis",pos,C:\Users\w ltsc\Desktop\tiktok_downloads\audio\7642763078676876566.wav,C:\Users\w ltsc\Desktop\tiktok_downloads\videos\7642763078676876566.mp4,"I'll give you my honest review of the CeraVe Cleanser and that is that it's amazing. For me it's really hydrating, it's great for reducing me blemishes, don't get us wrong the packaging isn't the most fancy but it does the job and that's the most important thing.",neutral
https://www.tiktok.com/@akwaugoj/video/7563696105540619541,"Skincare Review PT.1: Cerave Foaming Cleanser. This cleanser works well for normal to oily skin. Since I now have a oily-combination skin, my skin loves it. @CeraVe  #cerave #ceravefoamingcleanser #cleanserreview #ceravecleanser  Have you used this cleanser before? Let me know your thoughts…",pos,C:\Users\w ltsc\Desktop\tiktok_downloads\audio\7563696105540619541.wav,C:\Users\w ltsc\Desktop\tiktok_downloads\videos\7563696105540619541.mp4,"Don't buy this cleanser, I repeat. Don't buy this CeraVe Foaming Cleanser if you know that you have a dry skin. This is the CeraVe Foaming Cleanser with essential ceramides, niacinamide and hyaluronic acid. This cleanser is for normal to oily skin. As you all know, I have a combination skin and I've been using this cleanser for two weeks, about two weeks now and honestly my skin loves it. It is not too dry in, it is not too greasy, it feels balanced like the right amount of balance as you can see I don't have like any new breakouts on my face like I said earlier this cleanser has niacinamide which helps with oil control and skin repair. One thing our advice if you're using this cleanser is don't overload your routine with other niacinamide products like don't use too much niacinamide products in the same routine with this cleanser because obviously it would be too much and it can break you out. Besides that It is very simple, it is very effective and my skin absolutely loves it. So thank you Serabi. Now let me know your thoughts if you have used this cleanser before in the comments and I'll see you in my next video. Okay, bye.",neutral
https://www.tiktok.com/@oliviarhyin/video/7537456648680525086,My favorite face wash 🫧#facewash #skincareroutine #skincare #creatorsearchinsights  #cerave #fyp @CeraVe,pos,C:\Users\w ltsc\Desktop\tiktok_downloads\audio\7537456648680525086.wav,C:\Users\w ltsc\Desktop\tiktok_downloads\videos\7537456648680525086.mp4,"Okay hi, I just wanted to share about one of my skincare favorites. I have acne-sensitive skin, but this does not make me break out at all, and if anything it helps it. I give all thanks to the Cerebi Foaming Face Cleanser. I've been using it for probably a half a decade now, and my skin has never looked clear. Go buy it.",neutral
https://www.tiktok.com/@garbo.zhu/video/7628263557305568520,"cleanse smart, not harder with @CeraVe #cerasquad2026 #ceravepartner",pos,C:\Users\w ltsc\Desktop\tiktok_downloads\audio\7628263557305568520.wav,C:\Users\w ltsc\Desktop\tiktok_downloads\videos\7628263557305568520.mp4,"If your skin is dry, sensitive, crusty, and has these tiny bumps around your face, your makeup doesn't sit right, and you want to look like this, you need to exfoliate, but gently. I'm not talking about harsh peeling solution, just start with the salicylic acid cleanser. I use this therapy, salicylic acid cleanser, because it exfoliates your skin while you wash your face. So it's way less aggressive, but it still clears clogged pores. It's non-commodogenic, doesn't strip my skin, and it actually feels hydrating. No more tiny bumps, and now your makeup is flawless. Clean, smarter, not harder.",neutral
https://www.tiktok.com/@shiv_sewlal/video/7577652722321689874,"I loveee @CeraVe ‘s Hydrating Cleanser😍 it’s perfect if you have dry, sensitive skin like me. Find your Cleanser Match now❤️  #ceraveza, #cleanselikeaderm, @ceravecleansermatch, @cerave_africa",pos,C:\Users\w ltsc\Desktop\tiktok_downloads\audio\7577652722321689874.wav,C:\Users\w ltsc\Desktop\tiktok_downloads\videos\7577652722321689874.mp4,"Okay, I have to be very careful of which products I use on my face because my eczema is very sensitive and some products make it so bad. That's why once I find a good one, I'll always use it. I've been using CeraVe's Hydrating Cleanser for the last few years and I ain't changing. It's fragrance-free and so gentle. Also having eczema means that you have a broken skin barrier. So this is perfect for that because it has a barrier strengthening formula that is developed by the metologist. But don't worry if you don't have dry skin like me, CeraVe has a whole range of different Cleanses for like different skin types. So just check them out and see which one suits you best. Bye guys",sad
https://www.tiktok.com/@rinavibez/video/7529589177394924823,"Dry, tight skin? I started using the CeraVe Hydrating Cleanser and it’s been a game-changer for calming my face down, especially after removing makeup or during my PMDD flare-ups. It’s gentle, fragrance-free, and packed with ceramides + hyaluronic acid to support your skin barrier and lock in moisture. No tightness. No stinging. Just clean, hydrated skin that feels soft AF. Tagging @ceraveuki  because… y’all snapped with this one 👏🏽 💬 Tried this? Drop your skin type below 👇🏽 #LorealistarUK #LorealistarHydratingCleanser #CeraVe #SkinBarrierRepair #HydrationBoost #DrySkinFix #CeraVeCleanser #SkincareTikTok #FaceCleanserReview #rinavibez",pos,C:\Users\w ltsc\Desktop\tiktok_downloads\audio\7529589177394924823.wav,C:\Users\w ltsc\Desktop\tiktok_downloads\videos\7529589177394924823.mp4,"This CeraVe Hydrating Cleanser is gentle but effective. I squeezed the bit out so you can see the texture. Super creamy, no fragrance, no fuss. Rub it in like this and it just goes straight into my skin. Even with blemishes like this, it doesn't sting. I add in my water so it leathers into this soft milky foam. And then I pat dry with a disposable face cloth. And yes, I am obsessed with how clean my face feels. Look at you glow, no tightness, just hydrated, smooth skin. This always stays in my routine.",neutral
https://www.tiktok.com/@shamjhana.rijal/video/7652769563142032662,My Favorite CeraVe Hydrating Cream-to-Foam Cleanser Review@CeraVeUKI #tiktokmademebuylt #summersale #cerave #cleanser #skincare,pos,C:\Users\w ltsc\Desktop\tiktok_downloads\audio\7652769563142032662.wav,C:\Users\w ltsc\Desktop\tiktok_downloads\videos\7652769563142032662.mp4,"I am going to show you a cleanser after a long time, which is Hydrating Cream to Foam Cleanser. It has the texture of cream, so how can it be foamed? I am going to apply makeup on your face, so that you can remove the imperfections in your skin. I am going to remove it, and it contains Hyaluronic Acid and Amino Acid, and it also contains three essential ceramides. It protects the skin barrier. It hydrates the skin and cleans it as well. It is dry so you can feel the pain. It hydrates the skin and cleans the skin as well. I like this product very much. It is very easy to use. Some people use it for oil. Some people use it for oil. It cleans the skin and hydrates the skin as well. If you like this video, please like, share and subscribe to watch more videos like this.",sad
https://www.tiktok.com/@namhlancamani/video/7574837332616940818,"Back with Part 2 of my #MySkinMyDrama journey 💧 It’s been 3 weeks using @CeraVe Skin Care , and I’m already seeing progress! From cleansing to hydration, my skin is slowly finding its glow. Stay tuned for Part 3 where I’ll share my full honest review 💙#MySkinMyDrama #CeraVeSouthAfrica #CeraVeZA #SkincareJourney",pos,C:\Users\w ltsc\Desktop\tiktok_downloads\audio\7574837332616940818.wav,C:\Users\w ltsc\Desktop\tiktok_downloads\videos\7574837332616940818.mp4,"Hi Bandar Se, it's your friend Namsa and I'm back with part 2 of my Zeta V skin journey. It's been about a couple of weeks now and this is how my skin looks this morning. The drama is still there, but honestly it's finally calming down. I always start my routine with the Zeta V foaming cleanser. What I love about this cleanser is that it is gentle, doesn't dry out my skin and packed with ceramides which helps to repair the skin barrier and counts my inflammation. Then I go in with the Acne Control Gel. This one takes its breakouts, helps with the fade, dark marks and smooths my texture. And I always finish with the hydrating serum for moisture, softness and that healthy glow. And this is how my skin looks after washing. The correct grammar: clean and waking up with me. Stay tuned for part 3 on the next chapter of my skin drama and the full oneness progress.",neutral
https://www.tiktok.com/@livinglavidashop/video/7654306321025551647,I thought this cleanser was overhyped... until I tried it 👀✨ The CeraVe SA Cleanser might be the reason my skin feels smoother and less bumpy. Have you tried it yet? #cerave #ceravesacleanser #skincare #skincareroutine #beauty,pos,C:\Users\w ltsc\Desktop\tiktok_downloads\audio\7654306321025551647.wav,C:\Users\w ltsc\Desktop\tiktok_downloads\videos\7654306321025551647.mp4,"So I've been using the Cerave Renewing Essay Cleanser for a while now and it's become one of those products I keep repurchasing. If you have a rough skin texture or those little bumps that just won't go away, this cleanser can really help. It has salicylic acid so it gently exfoliates while you wash your face, but it doesn't leave my skin feeling tight or dried out afterward. I also like that it's fragrance free and works well on my sensitive skin. It's simple and affordable and just gets the job done. If you're looking for a cleanser to help smooth your skin over time, I think this one's definitely worth trying.",neutral
https://www.tiktok.com/@sunehri.store/video/7566225449710308628,"Acne aur pimples se tang ho? 😩 Ab pao CeraVe Blemish Control Cleanser — dermatologist tested formula! 🌸 Ye gently kare deep cleansing, oil control & blemish reduction 💫#creatorsearchinsights  #CeraVePakistan #BlemishControl #ClearSkin #AcneCare",pos,C:\Users\w ltsc\Desktop\tiktok_downloads\audio\7566225449710308628.wav,C:\Users\w ltsc\Desktop\tiktok_downloads\videos\7566225449710308628.mp4,"If you have acne, whiteheads, blackheads and large pores, I'm going to tell you two life-changing products. The first product is Blamish & Roll Cleanser by Ceraven. Why I love this cleansing? Because it contains three skin identical ceramides along with cell silicaiser, niacinamide and pure clay. It is paraven-free, fragrance-free, non-commetogenic, so it's extremely good for sensitive skin. It doesn't dry out your skin at all. But you'll see 40% improvement within one week, so I love this product.",neutral
https://www.tiktok.com/@nipunkapur/video/7597807001724259602,"CeraVe Foaming Cleanser vs Bioderma Sensibio Gel Moussant: Which one is right for you? 🤔🫧 Both are “gentle” gels, but they serve two very different skin types. Here is why CeraVe Foaming Cleanser is the superior choice for oily and combination skin: ✨ Why it works: 1️⃣ Removes excess sebum & sunscreen without stripping. 2️⃣ Niacinamide helps calm inflammation & regulate oil. 3️⃣ Ceramides (1, 3, 6-II) protect your skin barrier while you cleanse.   If you struggle with congestion but hate that ""squeaky tight"" feeling, this is your match. ✅ Which team are you? Team CeraVe or Team Bioderma? 👇 #ceravevsbioderma #ceravefoamingcleanser #biodermasensibio #oilyskincare #skincareroutine @cerave @bioderma",pos,C:\Users\w ltsc\Desktop\tiktok_downloads\audio\7597807001724259602.wav,C:\Users\w ltsc\Desktop\tiktok_downloads\videos\7597807001724259602.mp4,"Both of these are gentle foaming cleansers. Both of them are for oily skin but one of them is right for you and today you will find out. We are comparing the CeraVe gentle foaming cleanser and the Bioderma Sensi Bio Gel Mousse. Now this one by CeraVe is a great formula if you are oily to combination, acne prone, you get clogged pores easily, it has the Ceramide Complex, Hyaluronic Acid and Niacinamide. Great for all skin types, oily to combination. Let's say your skin is super reactive, then you need a soap-free formula and that is what Bioderma gives you. This is a soap-free formula which has milder surfactants like milder cleansing agents. It will cleanse your skin, but will never irritate it. Depending on how sensitive your skin is, pick one of these, both of them are great.",neutral
https://www.tiktok.com/@mariapamelaperez/video/7651796517736533262,My Monday morning routine! @influenster  @CeraVe  #hidratation  #skincare,pos,C:\Users\w ltsc\Desktop\tiktok_downloads\audio\7651796517736533262.wav,C:\Users\w ltsc\Desktop\tiktok_downloads\videos\7651796517736533262.mp4,"Hey guys! Get ready with me for this Monday at home. Step one, I'm starting with my Syrova Brightening Vitamin C Cleanser. On the skin, it feels extremely lightweight, smooth, and refreshing. What I love about it is that it gently exfoliates with vitamin C and niacinamide to even out skin tones. But because of the three essential ceramides, it never leaves your face feeling tight or dry. It's just instant brightness. Step two, next. I'm locking in that hydration with the Serovay Hyaluronic Acid Water Gel. It has this amazing, ultra-light, watery texture that absorbs in seconds. It instantly plumps up the skin and delivers deep, Moisture without feeling heavy or greasy at all. It's like a drink of water for your face. Step 3 and my last step is makeup. So follow me to see what makeup I use to lock in this Monday glow look.",sad
https://www.tiktok.com/@lukeeeskin/video/7516638617343642902,I’ve been testing the @CeraVe Balancing Air Foam Cleanser for about a week and here are my honest thoughts!👀 #gifted #notsponsored #skincare #cerave #review #skincarereview,pos,C:\Users\w ltsc\Desktop\tiktok_downloads\audio\7516638617343642902.wav,C:\Users\w ltsc\Desktop\tiktok_downloads\videos\7516638617343642902.mp4,"So I've been testing the CeraVe Balancing Airform Cleanser for about a week now and here's my honest take. It comes out as like a really lightweight form, it's not really dense or moosey like some others. It's super airy which obviously fits with the name which I actually really like because it allows it to spread really easy on the skin for a good cleanse. It's gentle on the skin and does not sting at all and I got really sensitive skin. You'd also think with a forming cleanser that it would be really dry in, but this actually has like gazine technology for a gentle and effective cleansing that actually helps improve skin barrier function. So for me with my combo skin I really like this because it actually helps with oil control while also not drying out your skin too much. Now if I had a lot of sunscreen or say makeup on this wouldn't be enough just to get that off completely I would need to go in with an oil cleanser first but for a second cleanse this is absolutely beautiful. It's not groundbreaking at all but it's reliable which is what I tend to go for for my daily cleansers. Would I repurchase if I ran out? Probably yes because I do like how it makes my skin feel afterwards, especially if you have oily skin which I tend to have this time of year in the summer.",neutral
https://www.tiktok.com/@nmanisub/video/7654087418584321310,#ceravecleanser #loveyourskinagain #skincare #usa_tiktok #❤️❤️goviral @heyyitsanoo @Binu Basnet @Kamala Pokharel @Sonam Subedi @Kreeshma Sapkota @Bishnubohara4321 @lakshmirizal88 @Binita Chhetri🇳🇵🇺🇸,pos,C:\Users\w ltsc\Desktop\tiktok_downloads\audio\7654087418584321310.wav,C:\Users\w ltsc\Desktop\tiktok_downloads\videos\7654087418584321310.mp4,"I have been using Serabi for my normal to dry skin and honestly, it's been so good. Skin hydrated byra, whole day, skin is so soft. Personally, I had to use face wash to make my skin dry. But I love how gentle Serabi is. Normal to dry skin, it maintains hydration. And it leaves my skin feel smooth and press. No more dryness, just healthy looking skin. So what are you waiting for? Cook it yours and pack me later. And love your skin. Bye Bye Bye Bye.",neutral
https://www.tiktok.com/@natalie_oneillll/video/7324377521313582368,"I’ve said goodbye to ever working with Cerave many times, what’s another one? These are 4 acne products that I personally think often make acne a lot worse. Sometimes the product is poor, other times its the way it’s used incorrectly (usually shown on social media this way). This is a video for the edge cases, I’m sure many people also love these #worstskincareproducts #worstskincareadvice #badskincarehabits #overratedskincare #viralskincare #skincaresmashorpass",neg,C:\Users\w ltsc\Desktop\tiktok_downloads\audio\7324377521313582368.wav,C:\Users\w ltsc\Desktop\tiktok_downloads\videos\7324377521313582368.mp4,"It's time to roast some of the worst skin care products that are designed to make your skin look better, but I personally think make acne 100 times worse. Or even better, give you acne when you had number four. Love that. Number one, the most overrated cleanser, the CeraVe Renewing Salicylic Acid Cleanser. Salicylic Acid is a well-known anti-acne and texture smoothing ingredient but I think where people go wrong with this is they use it morning and night because most people just want to buy one cleanser. Get it? I get it but have you considered that if you use this morning a night, you're exfoliating twice a day, aka 14 times a week. That is why I think this ends up making people's skin look way worse. Even if it gets rid of their acne, is your skin still red, dry, dull? Are you trying to find products that make it look better?  In at number two, dermatologists recommend CeraVe again every time. Their moisturizers and their sunscreens, in my opinion, are the cause of a lot of people's acne. Certainly for a lot of people, they're just making it worse, giving you more breakouts than you really needed to have. They have this reputation of being flawless, perfect for acne-prone skin, but in reality, I think a lot of the formulas are actually quite bad for acne-prone skin. Very strange and have you noticed since they got popular the prices just keep increasing. Love that. In at number three we've got the Ordinary's Peeling Solution. If I was creating a starter kit for Chemical Burns I'd put this one in there. Or if you've got some crusty skin on your feet this would be great for that because it's industrial strength. This might exfoliate your skin to the high heavens, but is that actually what you want? Would you rather be a gentler exfoliant which makes your skin look glowy rather than zapping all the life out of it? My case is closed. And lastly, Cica Plus. Everyone loves her, so I'm not going to rip her too hard. Not great for acne-prone skin, not meant to be used as a moisturizer all over the face. It's actually not her fault.",neutral
https://www.tiktok.com/@user2767845063268/video/7536126293537049887,#news #foryou #breakingnews #tiktok #fyp #usaus,neg,C:\Users\w ltsc\Desktop\tiktok_downloads\audio\7536126293537049887.wav,C:\Users\w ltsc\Desktop\tiktok_downloads\videos\7536126293537049887.mp4,"Breaking news, a viral skin care scare is unfolding online and it's about CeraVe, once hailed as the one dermatologist recommended brand. CeraVe is now facing backlash as users across TikTok report severe skin reactions, including burning, breakouts and red inflamed skin. The most complained about products, the foaming facial cleanser and the moisturizing lotion, yes, they're top sellers. So what went wrong? Experts suggest that ingredients like niacinamide, although helpful for many, can irritate sensitive or compromised skin. Plus, the foaming cleanser may be too harsh for already dry or reactive skin types. And here's the truth no one wants to say. The dermatologist recommended doesn't mean your skin will love it. What works for others might wreck your skin barrier. At this time, Cereve has issued no official response, but dermatologists warn if your face is burning, breaking out, or peeling after using Cereve, stop immediately and consult a skin care professional. Taking care is not one size fits all. Listen to your skin, not just the hype.",neutral
https://www.tiktok.com/@exploringholistically/video/7490663346824465710,Sunscreen safe for demodex mites… This has gotta be the worst sunscreen I’ve ever tried @CeraVe It did not rub in at all….. Any rosacea friendly / demodex mite friendly sunscreen recommendations? (Non toxic if possible💕),neg,C:\Users\w ltsc\Desktop\tiktok_downloads\audio\7490663346824465710.wav,C:\Users\w ltsc\Desktop\tiktok_downloads\videos\7490663346824465710.mp4,I tried this sunscreen I look this is the worst finish to a sunscreen. I have Ever used in my life like it is so mad It is not rubbing in well Like you can literally I don't know it's in my eyebrow like this is the worst it is horrific I'm like is this even worth trying to get used to this is horrible like I look like a ghost now I don't know if the sunscreen is even worth trying like getting used to this is horrible like I look like Casper I don't know if the sunscreen is even worth trying like getting used to this is horrible like,sad
https://www.tiktok.com/@dailyglamwithshahad/video/7625022403818704158,I had high hopes for this …but it did NOTHING for my skin 😭what toner do you recommend?? #fyp #skincare #honestreview,neg,C:\Users\w ltsc\Desktop\tiktok_downloads\audio\7625022403818704158.wav,C:\Users\w ltsc\Desktop\tiktok_downloads\videos\7625022403818704158.mp4,"The worst toner I've ever used I had so much expectation since I always use CeraVe and it always worked for me But ever since I use the toner it doesn't work at all It gives me acne and breakouts and dry skin as well. Honestly, I wouldn't buy this again I want to know what you guys use for toner and if you can give me a recommendation in the comment I would really appreciate it.",neutral
https://www.tiktok.com/@angelocaa/video/7496275336754121990,NO SE CREAN TODO LO QUE RECOMIENDAN EN REDES ES VERDAD!!! @CeraVe 🚫🆘 #skincare #bogota #skincaretips #tipsdebelleza,neg,C:\Users\w ltsc\Desktop\tiktok_downloads\audio\7496275336754121990.wav,C:\Users\w ltsc\Desktop\tiktok_downloads\videos\7496275336754121990.mp4,"Look, I dropped it. This is something that I regret buying and the soap that everyone recommends here at Tiktok. To get rid of my 15-year-old soap from the pharmacy and let me take it for the smoke at Tiktok and invest in skincare. Everything went wrong and I don't know if you can see it, but my face is irritated. Hey, do you know what's the worst? I recommend it to my sister and they see it in the skin. It's that if there is a termatologist who wants to help me free, please. Oh, poor G. My sister has been through all the stages with her skin now she is like irritated and blame me and well nothing loves the good face time because an expert of a crema of a dermatologist who can recommend a product that for this irritation burns please read them thank you.",neutral
https://www.tiktok.com/@julianyouhana/video/7652883515675004190,"CeraVe is being sued for a cancer causing chemical in their products. App in video @Scout  They are the most recommended skincare brand in America, They are now facing 6 federal lawsuits for a carcinogen forming inside these products. The products: Acne Foaming Cream Cleanser and Acne Foaming Cream Wash. The ingredient: benzoyl peroxide. Benzoyl peroxide is unstable. The moment it gets warm, your bathroom after a shower, your car on a summer day, a warehouse during shipping, even at human body temperature, it breaks down into benzene. Benzene is a Group 1 human carcinogen, meaning it causes cancer in humans. There is no safe level of benzene exposure. Yale University researchers lab tested CeraVe's cleansers: CeraVe tested at 5 to 12ppm of benzene. The FDA's limit: 2 ppm. Up to 6x the federal threshold. No recall. No label warning. Still on shelves. #health",neg,C:\Users\w ltsc\Desktop\tiktok_downloads\audio\7652883515675004190.wav,C:\Users\w ltsc\Desktop\tiktok_downloads\videos\7652883515675004190.mp4,"Never buy CeraVe again because they are being sued for cancer-causing chemicals. They are facing six federal lawsuits for carcinogen in their products, benzyl peroxide. Benzyl peroxide easily breaks into benzene and benzene is a group one human carcinogen. This is the same category as cigarettes and alcohol and leads to many issues like leukemia or non-hotkins lymphoma. The products affected are CeraVe's acne foaming cream cleanser and wash. There is no safe level of benzene and all of CeraVe's most popular products contain at least one toxic ingredient. You need to make the swap to natural alternatives and use the Scout app to scan your products for these toxins.",neutral
https://www.tiktok.com/@illilx_/video/7589732185758879007,Follow for more #santacruz #santacruzmedicinals #fyp #skincare #cerave,neg,C:\Users\w ltsc\Desktop\tiktok_downloads\audio\7589732185758879007.wav,C:\Users\w ltsc\Desktop\tiktok_downloads\videos\7589732185758879007.mp4,"When you use this too often, your body, your skin is like intelligent, and so your body sort of starts to adapt, so when you stop using it, your skin will get dry faster.",neutral
https://www.tiktok.com/@thementorg1/video/7631321178551897357,"Is CeraVe ruining your skin? 🧴👎 Most men are blindly using this product without understanding what it’s actually doing to their face. In this video, I break down why it might be time to leave CeraVe behind — and what to use instead if you want real results.Whether you’re struggling with dry skin, breakouts, or dull texture — this is your wake-up call. Tap in and upgrade your skincare routine.📍For more self-care, skincare, and cologne game for men, follow thementorg. #SkincareForMen #CeraVe #MenSkinCare #StopUsingThis #GroomingTips #SelfCareForMen #TheMentorG #FaceCare #MensRoutine #MenGlowUp #ClearSkinJourney #SkincareTruth #SkincareMistakes #HealthySkinTips #MensLifestyle #FragranceAndFace",neg,C:\Users\w ltsc\Desktop\tiktok_downloads\audio\7631321178551897357.wav,C:\Users\w ltsc\Desktop\tiktok_downloads\videos\7631321178551897357.mp4,"You have been doing skincare all wrong, and I'm about to tell you why first off Do not use this This can really be bad for your skin, and I'm just learning that now and it might be for the people use this wonder why your skin gets all Peely itchy or anything like that. We're bumpy my start to get like that. I noticed once I stopped using that I Didn't get any more blemishes or anything like that so This might be a shoe. I don't know if it's an allergic reaction some people might have but I noticed other people ticked our Santa too so stop using CRFV, I'm just saying. This really right here, it really could be messing up your skin and just letting you know. This could be the reason why you have that acne, those itchy patches or anything like that because that's what I was getting.",neutral
https://www.tiktok.com/@princess.zeenah/video/7491022310393138437,"I was really so disappointed, like this is the cerave hype 😭😭 . . . . #cerave #skincare #skincarereview #fyp #skincarerant",neg,C:\Users\w ltsc\Desktop\tiktok_downloads\audio\7491022310393138437.wav,C:\Users\w ltsc\Desktop\tiktok_downloads\videos\7491022310393138437.mp4,"Oh my god So i'm gonna be trying this Serra V facial moisturizing lotion that comes with SPF 13 because i've been looking for a good Moisturizer and a good sunscreen so i'm gonna be trying it out What I should I should I should I should I'll just talk with my Korean skin care cuz what the hell this This was $20 with Tux, so $20 I was just going like that, like this, do it. Be for real right now, be so fucking for real cause like this, this is crazy, like what the hell, this is, so much high hopes for this, I pretty, this is what I have and I don't like the smell of this song. This is trash. It's not. I'm done. Bye, guys.",neutral
https://www.tiktok.com/@lawsuitguru/video/7646410261632404766,CeraVe was linked to cancer. Here’s what to know…  #classaction #lawsuit #cerave #cancer #healthcare,neg,C:\Users\w ltsc\Desktop\tiktok_downloads\audio\7646410261632404766.wav,C:\Users\w ltsc\Desktop\tiktok_downloads\videos\7646410261632404766.mp4,"If you've ever bought or used CeraVe acne products, then you better listen up because you could be owed a lot of money in this brand new lawsuit. Several lawsuits have been filed against CeraVe's parent company, L'Oreal, based on claims that a lot of the CeraVe acne products contained benzene. Benzene is a super harmful chemical that is directly linked to cancer. The main issue is that as consumers, we had no idea that we were purchasing products that could cause cancer.   Benzoyl peroxide should never contain benzene at any level. It can degrade into benzene if the product is left in a super warm environment for example, but at the initial point of purchasing your product should not contain benzene and it should not give you cancer. This is why this is a huge lawsuit and a nightmare for L'Oreal and CeraVe. One way that you can keep track of all other class action lawsuits is by going to claimmoney.com. It makes it super easy and I use it all the time for my lawsuit information. And don't forget to follow my page and share with your friends for all the latest lawsuit updates.",neutral
https://www.tiktok.com/@prince_kkyy/video/7559045491355389214,RETURNED THAT LOTION REAL QUICK TODAY! 🤢🤢🤢🤢 #cerave #skincare,neg,C:\Users\w ltsc\Desktop\tiktok_downloads\audio\7559045491355389214.wav,C:\Users\w ltsc\Desktop\tiktok_downloads\videos\7559045491355389214.mp4,Every single other survey product I have tried has let me down. This one has let me down So the daily moisturizing lotion is so much better This one is greasy and has an unpleasant smell and I'm kind of itchy also It's just not a good experience overall. I have been buying this one a lot as you can see It's just the best one in my opinion and I've tried other survey stuff like some other face washes they have I didn't have a good time.,neutral
https://www.tiktok.com/@lauralou71/video/6995979118953155845,NO! WHY! #ceraveskincare #ceravepmlotion ##newformula #whydotheydothat #matureskincare #skincaretips #notgood😭,neg,C:\Users\w ltsc\Desktop\tiktok_downloads\audio\6995979118953155845.wav,C:\Users\w ltsc\Desktop\tiktok_downloads\videos\6995979118953155845.mp4,"Did you guys know that they changed the formula of the CeraVPM Moisturizer? I did not know either. I ran across to article and that's how I found out. What has happened is people are using it. They're starting to break out. Their skins become very sensitive. There's a burning sensation and they don't place it anywhere on the bottle that it's a new formula. They actually changed the formula in the year 2000, but most of the stores had a lot of it in stock so they probably had all the old formulas on the shelves. And what has happened is now the new formula is going on the shelves and we're buying that and wondering what is going on here. But yeah, again, people are getting a lot of breakouts. They're getting, you know, that sensitivity. So, and the reason why they've taken out the parabens, which is fine because the customers asked for that. But they also took out the hyaluronic acid and replaced it with sodium hyaluronate, which is a great ingredient too. It just absorbs differently. But the main reason why they think our skin is becoming ultra-sensitive to the new formula is from the Preservative Phoenix Solanol. And some think that they actually upped the niaminicide too. So it's a more drying formula. You have to use far more product than you did before. I mean, this bottle probably lasted me three, four months before because you needed so little because it was so hydrating. And the only way to know if you have a new formula is by the ingredients. So I'll show you a side-by-side picture of what the old and new ingredients are. Also, they're saying the consistency is completely different. As you can see, I'm up, what was that? This one is super smooth and just feels so nice. And the other one, there's a white cast, it's thicker. Unfortunately, there's a new formula. Your skin might be fine. I do have a little bit of sensitive skin because I use a lot of acids. And I also have my son's wedding coming up and I do not want a huge breakout going on. So I am not going to purchase the new formula. So I'll be on the hunt for a new PM moisturizer that is affordable. So if you guys know of any, please put it in the comments section below. So I hope this was helpful to you guys. Thanks for watching.",disgust
https://www.tiktok.com/@stella_vitality/video/7647162972581776654,Comment “YES” if you didn’t know!⚠️🧴 #health #holistichealth #usa #remedy #cerave,neg,C:\Users\w ltsc\Desktop\tiktok_downloads\audio\7647162972581776654.wav,C:\Users\w ltsc\Desktop\tiktok_downloads\videos\7647162972581776654.mp4,"Never buy Cerevi again and once you learn what these lawsuits claim is hiding inside the most trusted skin care brand in America Every single bottle goes in the trash tonight Cerevi is facing federal lawsuits regarding a chemical found in some of their acne products called benzoil peroxide Which can break down into benzene inside the bottle before it ever touches your skin Benzene is a group one human carcinogen the same category as cigarettes and alcohol and it has been directly linked to leukemia Temia, non- There is no safe level of exposure to benzene. And CeraVe's acne foaming cream, cleanser, and wash are the products at the center of these lawsuits. And it is not just the benzene. Many of CeraVe's most popular products are loaded with controversial ingredients like parabens or skin stripping sulfates. Sitting inside what your dermatologist keeps telling you is the safest option on the shelf. Federal lawsuits on the most recommended skincare brand in America. And your doctor never mentioned a single word about it. Comment yes if you had no idea this was sitting in your bathroom, and follow me, because the moment they take this down, I need to be able to reach you.",neutral
https://www.tiktok.com/@annikaaleonaa/video/7448377587660754207,Replying to @kylee #greenscreen #acneproneskin #beforeandafter,neutral,C:\Users\w ltsc\Desktop\tiktok_downloads\audio\7448377587660754207.wav,C:\Users\w ltsc\Desktop\tiktok_downloads\videos\7448377587660754207.mp4,"Your skin is so clear. Thank you Kylie, but actually I used to have really bad acne. Let me show you I'm gonna show you a few pics. So here's the first picture the other side another picture Oof yikes. Those were just a few pictures of what my acne used to look like, but I'm gonna show you what saved it This product right here is my holy grail. I don't normally get acne anymore, but I Mean obviously I think it worked By the way, this is not sponsored at all. I bought it with my own money, but it did work, so I bought it with my own money.",sad
https://www.tiktok.com/@lisamarieunfiltered/video/7488011880573701398,My 2 week update using the cerave retinol serum. I feel like my skin is getting more even and definetly more hydrated!  #RealSkin #UnfilteredJourney #CeraVeRetinol #CeraVeSkincare #SkincareTikTok #TikTokSkincare,neutral,C:\Users\w ltsc\Desktop\tiktok_downloads\audio\7488011880573701398.wav,C:\Users\w ltsc\Desktop\tiktok_downloads\videos\7488011880573701398.mp4,"This was my skin two weeks ago, an angry, irritable breakout. My skin just looked so dull. This product was all over my FyP, so I had to give it a go because I'll try anything that claims to help get your skin in better condition. Well, this is the product. It's a CeraVe Resurface and Retinol Serum. It has three essential ceramides, niacinamide, haloronic acid and encapsulated retinol. My skin is feeling so much more moisturised, you can see that it's even in the skin tone out perfectly for us. Thank you very much.",neutral
https://www.tiktok.com/@brandondeejay/video/7623511949942279454,Went from 10 products to 2 and we are still working on my skin but it’s looking better 🤞🏽 Healing sensitive skin just takes time and that’s why I’m using @CeraVe cleanser + healing ointment and mind yall this isn’t a paid partnership just taking yall through my journey. What other products should I add into my routine ?  👇 #SkinHealing #SkincareHaul #SkincareRoutine,neutral,C:\Users\w ltsc\Desktop\tiktok_downloads\audio\7623511949942279454.wav,C:\Users\w ltsc\Desktop\tiktok_downloads\videos\7623511949942279454.mp4,"All right y'all, so two weeks ago, I got a chemical reaction on my face and now this is what it looks like. So of course I'm over it, but guess what? We are here and we're going to change that. So I looked at you guys' comments and all your messages. I went ahead and got the Survey Hydrating Foaming Oil Cleanser just because honestly I wanted something that's clean, that's not harsh and that can work great with my skin, especially since it's sensitive right now. That's why I put these gloves on. When I wash my face, I'm definitely taking my time and I'm not rushing. Then after I'm done, I go ahead and pat it. Then I apply the Survey Healing Ointment That's literally it. I don't put any extra products. Now this routine is definitely simple, it's working, and that's all that matters. Your skin is sensitive or healing, less is really more. Now let's pray that this skin heals.",neutral
https://www.tiktok.com/@lbunch528/video/7633184822638185741,@CeraVe 10% Acne Foaming Cream Cleanser will never leave my skincare routine 🩷 #adultacne #acne #skincareroutine #ceravepartner #relatable,neutral,C:\Users\w ltsc\Desktop\tiktok_downloads\audio\7633184822638185741.wav,C:\Users\w ltsc\Desktop\tiktok_downloads\videos\7633184822638185741.mp4,"I'm so glad I found a cleanser that's under $20 and actually worked for my adult acne. I didn't think I'd still be dealing with breakouts in my 40s, but I was. Then I found a Saravade 10% acne foam and cream cleanser and it completely changed my skin. It even has three essential ceramides in it that keep my skin from drying and you all know I need that. My skin is so much clearer now, not perfect, but definitely no more kinds of breakouts and if it's out of breakouts, I highly recommend this.",sad
https://www.tiktok.com/@nurigallow/video/7600710847035428103,I’ve been testing out the CeraVe blemish control for a few weeks and here are the results so far ✨ @CeraVe  #ceraveza #cereveroblox #ceraveblemishcontrol,neutral,C:\Users\w ltsc\Desktop\tiktok_downloads\audio\7600710847035428103.wav,C:\Users\w ltsc\Desktop\tiktok_downloads\videos\7600710847035428103.mp4,"A few weeks ago I posted this video where I was on a quest to remove my pluggie paws. This is how it looked then and this is how it looks today. I've been using the CeraVe products exhibit A and B. I can definitely see a difference. Now keep in mind that I do have some new pumbles that I have come up with but that is due to things like hormonal which is normal in ladies girls okay. I can definitely feel a difference as well. This product unclogs paws, removes blemishes and excess oil, and it's got serum, salicylic acid, niacinamide, so all the things that people with blemishes who are prone to acne need. So although we are still in the process, because these things do take time, I will say that you don't just use any old thing and viola your skin is clear. No, you've got to take care of your skin and really do your research, but all you don't have to do is because I've done it for you. So Kamiya, are you gonna start your quest?",neutral
https://www.tiktok.com/@theblushingdoc/video/7411928718798507297,"#AD Retinol can help the little marks that are left after blemishes! I apply @CeraVe Resurfacing Retinol Serum at night to dry skin. With niacinamide & 3 essential ceramides, it exfoliates, evens out skin tone & supports skin barrier #skincare",neutral,C:\Users\w ltsc\Desktop\tiktok_downloads\audio\7411928718798507297.wav,C:\Users\w ltsc\Desktop\tiktok_downloads\videos\7411928718798507297.mp4,"What if I said to you that you can use a Serovy Resurfacing Retinol Serum to take your skin from this to this to help tackle those pesky post blemish marks? And before anyone asks, yes, a retinol serum is helpful for more than just aging. With Encaptiated Retinol, Niacinamide, and three essential ceramides, it gently exfoliates to visibly reduce the appearance of those post acne marks. So if you've got blemish prone skin, this is the nighttime serum you need to try.",neutral
https://www.tiktok.com/@andrea.montxs/video/7644308968713522452,Probé el Serum de Vitamina C de @CeraVe por 5 días☀️ y estos fueron los resultados… ¿que opinan? #skincare #VitaminaC #ApagaLasManchas #EnciendeTuGlow #CeraveMx,neutral,C:\Users\w ltsc\Desktop\tiktok_downloads\audio\7644308968713522452.wav,C:\Users\w ltsc\Desktop\tiktok_downloads\videos\7644308968713522452.mp4,"Try the new vitamin C serum for 5 days and I'll bring you my honest review. Recently I felt my skin super dry with a lot ofstains, marks and textures. So I wanted to test it as the only skincare product I was going to use for 5 days. Evident I recorded the whole process. The first thing I want to highlight of the product is its texture. It feels light, very hydrating. And truth is that every time I put it on I left a very nice glow without feeling heavy. It has vitamin C that helps give luminosity to the skin and that the tone looks more uniform and healthy. After using it for 5 days, the truth is that I do feel my skin with more natural brightness and, above all, I feel that it helped me reduce many acne marks with which I was fighting lately. I'm going to leave a before and a after so that you can see the most marked difference. Evident I know that the skin care does not do magic at night in the morning, but if for the moment they give me these results, the truth is that I really want to continue using it. But tell me, have you tried vitamin C in your routine? Or what ingredient do you think has changed your skin the most? I'll see you in the comments, bye!",sad
https://www.tiktok.com/@dr_narnah/video/7627603525152918806,AD | CeraVe delivered another good sunscreen and this is my first impression. I’m here for it. @CeraVeUKI @hometesterclubuk  #CeraVe #hometesterclubuk #sunscreen #spf50 #skincare,neutral,C:\Users\w ltsc\Desktop\tiktok_downloads\audio\7627603525152918806.wav,C:\Users\w ltsc\Desktop\tiktok_downloads\videos\7627603525152918806.mp4,"Let's try the new Cera-V Visible Hydrating Fluid Sunscreen SPF 50 for normal to dry skin. This is new from Cera-V and it's designed for face and body. This is what packaging looks like. It's so cute. Can you just take that off? Oh, I like that. Oh, and now the other moisturizer with SPF 15. I'm hoping this is actually invisible or this doesn't feel heavy at all. oh wow this is quite green and i have dry skin doesn't feel greasy or anything no white vans most importantly at least no innate sting to the eye yes la vie la vie has delivered again.",neutral
https://www.tiktok.com/@stylefixbyjenny/video/7619770174522051862,"If your skin has been feeling dry, tight or just off, this is your sign to start using Cerave Moisturising Cream.✨🤩 @CeraVeUKI  #cerave #ceravemoisturizingcream #ceravemoisturiser #cerawards #Skincare",neutral,C:\Users\w ltsc\Desktop\tiktok_downloads\audio\7619770174522051862.wav,C:\Users\w ltsc\Desktop\tiktok_downloads\videos\7619770174522051862.mp4,"I have a really dry skin. It used to be worse than this. Ever since I started using the Cerevimusturizing Cream, my skin feels so hydrated. What I love most about the Cerevimusturizing Cream is it contains ceramide which helps to repair your skin barrier. And the best part is it keeps my skin soft all day without feeling greasy. Cerevimusturizing Cream is just that girl.",neutral
https://www.tiktok.com/@fragileskinariana/video/7124957171103698218,Honestly… I was not expecting this outcome 🤯 @CeraVe #cerave #skincareroutine #disabledcreator #BigInkEnergy #skinpositivity,neutral,C:\Users\w ltsc\Desktop\tiktok_downloads\audio\7124957171103698218.wav,C:\Users\w ltsc\Desktop\tiktok_downloads\videos\7124957171103698218.mp4,"I've never tried CeraVe in my life, but I bought me this Renewing S8 Clancer. I don't know, I just wanted to give it a try, and I also got me this facial moisturizing lotion. I don't know if you can tell, but I have a lot of build-up, so we'll see how good this is able to get it out. I was at an EB conference in Denver for some days, and now that I'm back, my EB is acting up a lot. My feet, legs, and thighs are super messed up, bloody with lots of terrible wounds. So I haven't been able to get up and do my daily things like washing my face. So that's why I have a lot to build up, so I'm hoping this does the job. But so far it's pretty good. Alright, now time to rinse it off. Now it's time to moisturize. I'll be honest, that was a bit skeptical at first, but it turned out really well, both the cleanser and the moisturizer.",sad
https://www.tiktok.com/@the.leah.way/video/7595256149054688534,#skincare #over40sskincare #tiktokmademebuyit #cerave #peptide @CeraVeUKI,neutral,C:\Users\w ltsc\Desktop\tiktok_downloads\audio\7595256149054688534.wav,C:\Users\w ltsc\Desktop\tiktok_downloads\videos\7595256149054688534.mp4,"This CeraVe peptide cream has gone completely viral on TikTok. So I'm gonna show you what it's all about. Now, I have not used it yet. And you know me, I've got to try it, I have to test it. I'm gonna give you a first impression. So first of all, it's quite a thick cream. No fragrance, looks like this. It says it's a skin-renewing peptide cream. So we're gonna put it on top, I've done all of my other skincare. So we're gonna put it on top, oh, it feels nice. It's quite thick. I'm actually surprised. It's not as thin as the normal creams that I use, but feels nice. Now, I don't know if I can give you a full review yet, but I will say it feels nice. There's no fragrance. You know how I feel about fragrance. The correct grammar: No fragrance whatsoever. I don't know what peptides are in there. Either it doesn't say, but it's just peptide complex. So, you know, CeraVe is really good at simple skincare. So if you are looking for something that is refreshing, hydrating, has good peptides in, you can try it, but I will say, I can't give you a full review until I've been using it for about four weeks. So come back and I will let you know how I'm getting on week by week. I'll put a link for it down below.",neutral
https://www.tiktok.com/@nemehjoseph/video/7597357899190504712,@CeraVe Arabia  #ceravearabia,neutral,C:\Users\w ltsc\Desktop\tiktok_downloads\audio\7597357899190504712.wav,C:\Users\w ltsc\Desktop\tiktok_downloads\videos\7597357899190504712.mp4,"Have you ever tried this? The correct grammar: No? Well, why don't you try it? Put a little here, there, there, there, here, and a little there, everywhere. Now you're just going to blend, blend, blend, and don't you look pretty.",neutral
https://www.tiktok.com/@glowwithmayauk/video/7656987222285077792,"If you have dry, sensitive, or eczema-prone skin, this cleanser is definitely worth trying. It gently removes dirt and makeup without stripping your skin, while hyaluronic acid and ceramides help keep your skin hydrated and support your natural skin barrier. If it’s still on offer, now is a great time to grab it. Tap the link to shop! * CeraVe Hydrating Cleanser * Dry skin skincare * Sensitive skin routine * Hyaluronic acid cleanser * Eczema-friendly skincare #CeraVe #SkincareRoutine #SensitiveSkin #DrySkinCare #TikTokMadeMeBuyIt",pos,C:\Users\w ltsc\Desktop\tiktok_downloads\audio\7656987222285077792.wav,C:\Users\w ltsc\Desktop\tiktok_downloads\videos\7656987222285077792.mp4,One of the best cleansers for dry and sensitive skin. It's the CeraVe Hydrating Cleanser with Hyaluronic Acid. It cleanses without stripping and helps keep your skin hydrated. It's on a great deal right now. Tap the link and grab yours before it's gone.,neutral
https://www.tiktok.com/@beauty_starts_within88/video/7653771794763189506,"Using the CeraVe SA Cleanser has helped smooth my bumpy skin by gently exfoliating and clearing out my pores without making my face feel stripped. It helps remove the buildup that causes rough texture and blocked pores, leaving my skin feeling cleaner, softer, simple care and more even over time.  Just consistent, simple care @CeraVeUKI #cerave #pores #acneprone #tiktokmademebuyit #summersale",pos,C:\Users\w ltsc\Desktop\tiktok_downloads\audio\7653771794763189506.wav,C:\Users\w ltsc\Desktop\tiktok_downloads\videos\7653771794763189506.mp4,"Does your skin feel like a strawberry? Are your pores all filled up like a fresh milkshake?  Serapies SA Cleanser will have your skin back on track, looking and feeling like baby soft skin. It's got that sicillic acid in it, it's going to gently exfoliate, it's got serum eyes to protect the skin barrier and it's got hyaluronic acid so we're not going to dry the skin out. As I always say, consistency is key, that's when you're going to notice softer, smoother skin that's happy and healthy. This is your reset button for that stubborn skin. If you want to go grab yours I'm linking it down there in the basket.",happy
https://www.tiktok.com/@itskaylabell/video/7652707725511593246,@CeraVe acne safe foaming facial cleanser🫧#skincare#glassskin#clearskin#beauty#makeup,pos,C:\Users\w ltsc\Desktop\tiktok_downloads\audio\7652707725511593246.wav,C:\Users\w ltsc\Desktop\tiktok_downloads\videos\7652707725511593246.mp4,"Why is this $10 cleanser outperforming others three times the price? Oily combo skin girls hear me out, this is the CeraVe Foaming Facial Cleanser, it's fragrance free and non-commodogenic meaning this will not break you out. Lathers like a luxury product and leaves my skin feeling clean without the dry streaky feeling. If you're looking for an acne safe cleanser, this is the best choice for you.",neutral
https://www.tiktok.com/@tchaoskin/video/7559453084326300959,Replying to @Tasha T a lot of the common cleansers I’ve tried unfortunately have been extremely underwhelming 🥲  i’m not getting the hype behind this Cerave foaming oil cleanser at all  *pr without oblig to post  #cerave #ceraveskincare #drugstoreskinscare #facecleanser #facialcleanser,pos,C:\Users\w ltsc\Desktop\tiktok_downloads\audio\7559453084326300959.wav,C:\Users\w ltsc\Desktop\tiktok_downloads\videos\7559453084326300959.mp4,"I'm just gonna be honest, a lot of the drugstore cleansers that you guys use are not that great. The CeraVe Foaming Oil Cleanser was on my wish list for the longest time because I heard so many great things about it. Very surprising to me when I realized that this cleanser was very dry. And the fact that it's actually marketed for dry to very dry skin, I really dislike the fact that it's actually marketed as a foaming oil cleanser when it's really not an oil cleanser. Water is the first ingredient and it lathers and those are two indications that it's not a true oil cleanser. It also triggered my fungal acne, which is absolutely possible with wash off products like this. Ever since I tried the prequel cleanser, a lot of the drugs or cleansers will never compare to this because this is affordable, it's gentle, it's not stripping, and it happens to feel hydrating as well. Sensitive skin friendly can work for a lot of different skin types and it doesn't trigger my fungal acne. I am trying to test other options for you guys because I know not everyone can access this one, but truthfully, I just haven't found that many good options.",neutral
https://www.tiktok.com/@shereenhamdy96/video/7493171765514980629,My favorite hydrating cleanser @CeraVe Egypt,pos,C:\Users\w ltsc\Desktop\tiktok_downloads\audio\7493171765514980629.wav,C:\Users\w ltsc\Desktop\tiktok_downloads\videos\7493171765514980629.mp4,"Hi everyone! In this video, I'm going to talk about my favorite high-prating cleanser from Theravine. This cleanser is not just a regular cleanser, it cleanses the skin like this and that's it. It also contains ceramide, which is used to cover the skin of the skin. It also contains ceramide, which is one of the colors of the skin, and also the yellow-brownic acid, which is used to moisturize and moisturize the skin. I'm not using the Noll Mild to Dry Skin as it contains the mixed skin and the skin of the skin of the skin of the skin. It's like a gel-creamy gel that you can use on a skin that is light blue. If you don't like it, you can use it to wash your face or to wash your face for a year in the shower so that it doesn't take too long to wash your face. Also, to protect your face, you can use it to wash your face for a year in the shower so that it doesn't take too long to wash your face. Unfortunately, you won't be able to wash your face in the shower if you don't wash your face in the shower. You have to wash your hair quickly, it doesn't take much time to wash it. When you see people at the moment who still don't wash their hair with a creamy wash like CeraVeal, they say that if the wash is too strong and dry, they won't wash their hair properly. This is wrong because if you feel that the wash is dry and your hair is dry, it will remove all the natural oil from your hair, which is why you chose the wrong wash. Honestly, I see that the wash is essential and it should be available to you. If you have this kind of wash, you should use it at least once a day. It's true that I use it very often because it's very gentle cleansing. It's one of the most suitable ingredients for the age of 12 and 13. Some of them are expensive and others take a lot of time with me.",neutral
https://www.tiktok.com/@aliaakamarr/video/7629051670428765458,One of favorite cleansers & go to!🫧 @CeraVe Egypt Foaming cleanser 🧼 #ceraveegypt #oilyskin #cleanser #12hroilcontrol #dermapproved,pos,C:\Users\w ltsc\Desktop\tiktok_downloads\audio\7629051670428765458.wav,C:\Users\w ltsc\Desktop\tiktok_downloads\videos\7629051670428765458.mp4,That was a view and something from 2 years ago I really liked it and I was very excited about it and I realized that any wash that would dry the skin very much until it reaches this stage it will increase the skin and it won't tell me that it will damage the skin when this doctor told me to use a seaview foaming cleanser because it is very gentle on the skin and suitable for the skin to dry and it is impossible to dry it it is in the 3 essential seaview products that are available in all seaview products I love it very much and all my friends know it and I always have a stock from it. It's always on the list of accounts and the official store is 100% original.,neutral
https://www.tiktok.com/@natalie_oneillll/video/7472781932615601410,I also rate the whole cerave range in an earlier video ✨ smash or pass Cerave cleansers bc they get so much hype #cerave #affordableskincare #skincareproduct #acneproneskin,neg,C:\Users\w ltsc\Desktop\tiktok_downloads\audio\7472781932615601410.wav,C:\Users\w ltsc\Desktop\tiktok_downloads\videos\7472781932615601410.mp4,"Not every one of the syrupy cleansers, which ones to get and which ones to avoid. I think out of all the syrupy cleansers, this cream to foam one is my favourite. It's super gentle, it feels really nice to use. It's foaming, but it's not too drying. 8 out of 10. I feel like the foaming cleanser is still good but I don't feel like it's as good as the cream to foam and I'm not sure why you'd buy this when you could buy that. It's nice but it's a little bit more drying than the cream to foam so I'd still get that one. This does absolutely nothing for me and in fact it stings my skin which is really bizarre. Remember when I got this and I was so excited to try it and then I was so disappointed after the first use. I clean makeup off very well, barely cleaned the skin without makeup on it, so 4 out of 10, 7 out of 10. I'd give this one an 8 out of 10 as well, it's not a true oil cleanser, so I would use an oil cleanser before it, but it's not drying and it feels quite nice to use. Then we've got the two exfoliating ones, the blemish control and the salicylic smoothing. Now I know everyone's going to say oh you don't like this one and don't give me wrong, I don't like this one but if you use it sparingly like a treatment, it can be effective, I just think there are better cleansers out there. And considering this one and that one aren't really that different, I would always pick this one because I like the Niacinamide and I find it a little more moisturising than that one which can be quite drying. 6 out of 10, 7 out of 10. And if you like this kind of no-ball shit to the point skincare advice then you've found the right place because it's all I make.",neutral
https://www.tiktok.com/@nirvannaluxbeauty/video/7645501360284224788,I am a broken record. #skincare #scam #ikeepsayingit,neg,C:\Users\w ltsc\Desktop\tiktok_downloads\audio\7645501360284224788.wav,C:\Users\w ltsc\Desktop\tiktok_downloads\videos\7645501360284224788.mp4,"How long have I been saying that a lot of the chemist products are just filled with crap ingredients? People think I say it because I want to sell my product. It's not that. It's that they really are. These companies that mass produce ingredients, skincare, they don't care about your skin. They don't. And this is proof right here. So that's why I tell you, when I've got good skincare and I know I'm looking after your skin I know I'm looking after your skin so I'm not surprised that this is up because a lot of this stuff that people think it's organic it's natural it's filled with so many fillers and horrible ingredients anyway I say it to sell my own product I'm not surprised at all.",sad
https://www.tiktok.com/@wessie7582/video/7184919418315689262,Replying to @vanessarc70 #skintok #betterskin #youngerskin #toxicingredients #cereve #cetaphil #skincareproducts #dailyskincareroutine #skincaretips #skincareingredients,neg,C:\Users\w ltsc\Desktop\tiktok_downloads\audio\7184919418315689262.wav,C:\Users\w ltsc\Desktop\tiktok_downloads\videos\7184919418315689262.mp4,"Thank you for your question. Is CeraVe toxic? So I went through the ingredients and I found a few red flags and here's what they are. The first one is parabens. They have methylparaben and propylparaben and parabens are preservatives And these are the cheapest ones, the easiest ones to get, and they ensure that that that product obviously will stay preserved and it could sit on your shelf for 20 years. But who wants to get a product and use it 20 years later because of the preservative? So nah, don't like that. But here's the real part of it, the real important part of it is that these parabens are linked to causing cancer. They have been shown to cause several different types of cancer, especially breast cancer. They have been found intact in breast cancer tumors. And there are studies that show that methylparaben when the sunlight hits it is carcinogenic. So not good. Stay away from parabens. Many, many brands have gone parabens-free because they know the dangers. It's banned in Europe. Why go for a brand that still uses parabens? I don't know. Most brands have gotten rid of them, so that's number one. Parabens, any of them, methyl, propyl, butyl, they're all bad, all toxic, and all linked to cancer. These are carcinogenic ingredients, So stay away. Look at your label. Stay away from the correct grammar: Stay away from the correct grammar. And the other one that is just a red flag to me as an esthetician is dimethicone. I don't like using anything with dimethicone. It's a silicone, hence the cone at the end. And a silicone ingredient, okay, it might make your skin feel soft, but it's, it locks everything in. Your skin doesn't breathe. It's like a saran wrap on your skin, just locking everything in. The problem is for those who are sensitive to breaking out, or have acne, it's going to wreak havoc on their skin, cause more breakouts, congestion, more acne. So I just stay away from any product that has dimethicones. Also just to keep in mind, CeraVe and Setafil are almost the same. So this goes for Setafil as well. And I have no idea why most derms and doctors recommend these crappy brands? I honestly don't know. But anyway, that's my answer.",neutral
https://www.tiktok.com/@esraagalal21/video/7519570063616232712,I regret buying this!!!                                  #fypシ #fypシ゚viral #fyp #skincare #skincareroutine #cerave #blogger #review,neg,C:\Users\w ltsc\Desktop\tiktok_downloads\audio\7519570063616232712.wav,C:\Users\w ltsc\Desktop\tiktok_downloads\videos\7519570063616232712.mp4,"I don't know if it's real or if it wants to destroy me, it destroys me. This wash is very important, you have to think about it, I'm done. But I don't like it, it's a waste. I used the wash, I don't want anything to be ruined. I want it to be ruined, I don't want anything to be done, so it's a waste, a waste, a waste, a waste, a waste.",neutral
https://www.tiktok.com/@markland_/video/7524897279451385093,I have been trying out sunscreens for the past two weeks and thia one is by far one of the worst. Left such a white cast and i really tried to rub it in. Plus i really had high hopes. #sunscreen #sunscreenreview #skincarereview #productreview #cerave,neg,C:\Users\w ltsc\Desktop\tiktok_downloads\audio\7524897279451385093.wav,C:\Users\w ltsc\Desktop\tiktok_downloads\videos\7524897279451385093.mp4,It's summer so i've been trying a lot of new sunscreens just to see what works for me best and this is the survey facial moisturizer and i have opinions now we know that survey is like a staple they've been one of the old g's so i had high expectations for this but it just didn't work out like as you guys can see i'm rubbing it in and i was like oh my god what and i just kept rubbing it in and it I still looked like Casper. Like why? Why? Why? Why? Why? And I tried again. Do you know how I got to this point? I took some off. Like I had to wipe my face off so I do not recommend this for dark skins. Bye.,neutral
https://www.tiktok.com/@tom_johnn/video/7645277971015617824,Les sources :  @zainab_khenissi https://www.classaction.org/news/certain-cerave-acne-treatments-contain-harmful-levels-of-benzene-class-action-says https://topclassactions.com/lawsuit-settlements/consumer-products/beauty-products/cerave-class-action-claims-benzoyl-peroxide-cleanser-contains-benzene/ https://www.skadden.com/insights/publications/2025/03/fda-contradicts-benzene-class-actions https://www.globalcosmeticsnews.com/loreal-faces-mdl-petition-over-benzene-contaminated-acne-treatments/ https://edition.cnn.com/2024/03/06/health/benzene-acne-products-valisure https://cosmeticsbusiness.com/l-or%C3%A9al-faces-six-lawsuits-over-benzene-contamination-in-acne-treatments https://www.quechoisir.org/actualite-reglementation-europeenne-des-cosmetiques-un-projet-nefaste-en-cours-de-validation-n175326/ https://reporterre.net/LVMH-et-L-Oreal-depensent-des-millions-pour-retarder-l-interdiction-de-vente-de-leurs https://www.instagram.com/reels/DMkTAM_uqLe/ https://www.tf1info.fr/sante/beef-tallow-slugging-pourquoi-appliquer-de-la-graisse-de-boeuf-sur-le-visage-n-est-pas-une-bonne-idee-selon-une-dermatologue-2371828.html https://www.najafianmd.com/blog/fda-urged-to-recall-skincare-products-linked-to-risk-of-cancer https://edition.cnn.com/2024/03/06/health/benzene-acne-products-valisure,neg,C:\Users\w ltsc\Desktop\tiktok_downloads\audio\7645277971015617824.wav,C:\Users\w ltsc\Desktop\tiktok_downloads\videos\7645277971015617824.mp4,"TF1 censored this doctor because she revealed the truth about this cream. A independent laboratory that found six times more benzen water than its products. And its products, when they are kept in the bathroom, it comes back 600 times more. But the question is, what is benzen? Me too, I didn't know, but when I discovered, I was shocked that we could find it in our products. Basically, benzen is cancerous, you know what it is, mutagen. It can modify your DNA, so also the health of your future children. Also no, even if the product is available in your pharmacy, it can be toxic. When I discovered that, I was shocked. It's by analysing the medicine that TFA has insured to explain which natural product works better than chemical products. Look at what she says. So this cream is called the Beef Talo. The beef whistle contains the four essential elements. A, D, E, K. It was tested in medicine and then gave an increase in skin hydration 4% after an hour and 181% instead of 44%. And because before, I ate well, I was doing sports and I still had the skin not clean, I tried what the dermatologist said. I put beef talo, I stopped other chemical products, I just cleaned my head with talo. And as soon as I got there, I didn't have any buttons, a light stick, and I didn't have any original cancer products. And it's the same thing that happened to my friend for the exam. And I only use this one because there are only natural ingredients, and honey, which is an antioxidant, and it will calm down the skin and avoid redness, deodorization. But now, it's been two weeks that I don't have anymore, and as you can see, it's not back up again. I'm going to repair all this, and it was time for you to use it, and to prevent you from being a victim of lobbies.",neutral
https://www.tiktok.com/@chandre.campher/video/7581455789471124744,This is not sponsored in any way just my first impression of cerave @CeraVe Skin Care  #ceraveskincare  #cerave  #cheapskincareproducts  #under200rand,neutral,C:\Users\w ltsc\Desktop\tiktok_downloads\audio\7581455789471124744.wav,C:\Users\w ltsc\Desktop\tiktok_downloads\videos\7581455789471124744.mp4,"I have the recent product that I just bought myself, Iwaseravi. And now this is not that expensive, but if you run now, you can get 30% off at clicks.",disgust
https://www.tiktok.com/@maielsamedy/video/7640181998950157588,Cerave SA smoothing cleanser honest Review 📌#salisylicacid #facecleanser #cleanser #ceraveskincare #cerave,neutral,C:\Users\w ltsc\Desktop\tiktok_downloads\audio\7640181998950157588.wav,C:\Users\w ltsc\Desktop\tiktok_downloads\videos\7640181998950157588.mp4,"If I'm honest with you about this, I think the first thing I want to say about this is that it doesn't have a lot of wash, this is for me the second thing I want to say The first thing I want to say is that I had a friend who bought it and she liked to use it and I was with her This is the first time I've done this kind of makeup and I don't know why I didn't use it because I was using the Vichy Normo Dome, which So for me, it was like cleaning my skin, but I'll tell you the truth. It's really good to clean my skin, but honestly, it didn't do any breakouts at all. But it doesn't control the oil, like it does for the skin. I mean, I was washing my face in the morning, but I need to clean my skin. I knew later that there are things that control the oil more than that. But honestly, it's not like that. I'm just complaining about it, but it's about the control of the oil. We're in a position to correct grammar:",surprise
https://www.tiktok.com/@tamunoabbey/video/7610869046971567382,CeraVe Invisible Dry Touch Fluid Sunscreen SPF 50+ Review - No white cast  - Leaves a skin-like finish   #cerave #sunscreen #spf,neutral,C:\Users\w ltsc\Desktop\tiktok_downloads\audio\7610869046971567382.wav,C:\Users\w ltsc\Desktop\tiktok_downloads\videos\7610869046971567382.mp4,"This Dry Touch Fluid Sunscreen will leave a mattifying finish on the skin. Since my face gets oily most of the time, I hope this leaves up to its claim. I can smell the alcohol, it doesn't mean alcohol and skincare is bad for your skin. Time to apply. This is a chemical sunscreen so I'm not expecting it to leave a cut. I'm going to give this some time to air dry. I have a fan, like a hand fan, but I just don't know where the hand fan is. This is what I have after applying. You can definitely see a difference between my before and now. I'm going to give it 15 minutes. I gave this 25 minutes to sink in and this is what I have. I'm about to tear up, should I think a little in my eye. It's not necessarily an eye sting because it's not stinging. The finish of this sunscreen is not matte. I don't know if the shine reduces the bit, you let me know in the comments section. It reminds me so much of La Roche-Persay UVF. Here's what my face looks like with natural light, I look forward to seeing what my face looks like in two hours, like the sunscreen at 10 05, so it means I've had this for over three hours and this is what I have. I don't know if this helps, but I thought to still show you guys the good thing is I don't like I have anything in my face Let me know what you think. Is this something you'd be picking up? Have you tried it already?",sad
https://www.tiktok.com/@janevisagie/video/7600259257413405959,Before vs current comparison  @CeraVe #ceraveroblox #cerave #skincare #gifted  @cerave_afr,neutral,C:\Users\w ltsc\Desktop\tiktok_downloads\audio\7600259257413405959.wav,C:\Users\w ltsc\Desktop\tiktok_downloads\videos\7600259257413405959.mp4,"Here's what happened after using the CeraVe Blemish Control Cleanser. Hey there fam, it's Jane, and I'm thrilled to share her amazing CeraVe story with you. Remember the first video? That was just the start of her clear skin quest with the CeraVe Blemish Control Cleanser. Well, guess what, she's back and ready to reveal the incredible transformation. Take a look at her stunning results, confidence levels off the charts, her skin is now clear and radiant and those pesky skin issues, gone? Now it's your turn to join Jane and grab this awesome combo from Saralva, trust me, you won't want to miss out on this chance for glowing skin. One wash started the journey.",neutral
https://www.tiktok.com/@ellemoonz/video/7665658664459537686,"#AD spilling the skincare secrets 👀 In 2026 we want the best skin possible, so invest in a good cleanser girliesss! I've been using @CeraVeUKI cleanser to protect my skin barrier in just 1 wash ✨💦 What's your skincare secret?  #CeraVecleansers #foamingcleanser #skincareroutine #facialcleanser",pos,C:\Users\w ltsc\Desktop\tiktok_downloads\audio\7665658664459537686.wav,C:\Users\w ltsc\Desktop\tiktok_downloads\videos\7665658664459537686.mp4,"If your skin feels tight right after a cleanse, I hate to break it to you, but it's time for a new cleanser. My go-to, the CeraVe Foaming Cleanser, because people often associate that tight feeling as a squeaky clean feeling. That could not be more wrong. Your cleanser is probably stripping your skin from its natural oily barrier, and in 2026, we want the best our skin can get. The CeraVe Foaming Cleanser offers hydration, 12-hour oil control, removes dirt, all without disturbing your skin. With three essential ceramides, niacinamide and hyaluronic acid, our skin will be the best it's ever been.",neutral
https://www.tiktok.com/@imane.iza/video/7518524673022364950,"Un nettoyant qui respecte ma peau, c’est tout ce que je demande. la Crème lavante hydratante de @Cerave nettoie sans agresser et m'hydrate la peau sans l'alourdir . . . . . . . .   #skincare #skincareroutine #oilyskin #cerave #ceravefoamingcleanser #acneskin #collaborationcommerciale",pos,C:\Users\w ltsc\Desktop\tiktok_downloads\audio\7518524673022364950.wav,C:\Users\w ltsc\Desktop\tiktok_downloads\videos\7518524673022364950.mp4,"Based on a good skin care, it's a very very good cleanser, today I'm going to talk to you about the hydrating cream from CERAV A cleanser suitable for normal dry skin, if like me you have the skin that can quickly become dry and uncomfortable, this product is really made for you. What I like is its texture, ultra-anxious cream, unlike a gel softened by Hada, it does not soft, but cleans in depth while respecting the natural barrier of the skin. Resulta, une peau avec zéro tiraillement, zéro irritation, la peau est douce, hydratée et surtout très bien nettoyée qui n'ont aucune sensation d'inconfort après le nettoyage, chose qui peut arriver quand on a la peau très sensible et qu'on utilise un nettoyant qui n'est pas adapté et aussi sans parfum et il peut aller gérer. Personne, je l'utilise tous les jours une fois avant le maquillage pour bien préparer ma peau au maquillage et une fois le soir après mettre des maquillés pour un nettoyage en douceur. So if you like me, you have a normal skin waiting in the dry and sensitive skin, I really recommend the Creme La Bante from César Avet. It is perfect.",contempt
https://www.tiktok.com/@_laviniamartin/video/7663141112084909315,AD Does your skin feel tight after cleansing? That’s not clean that’s your barrier being disrupted 🤍 I love @CeraVeUKI Hydrating Cleanser which locks in skin barrier strength in 1 wash! #skincare #ceramides #barriersafe #glassskin #skinbarrier,pos,C:\Users\w ltsc\Desktop\tiktok_downloads\audio\7663141112084909315.wav,C:\Users\w ltsc\Desktop\tiktok_downloads\videos\7663141112084909315.mp4,"Does your skin feel tight and squeaky after cleansing? That is not clean. That is your barrier being disrupted. This is the CeraVe Hydrating Cleanser. This formula cleanses and hydrates without disrupting your barrier. That locks in moisture for up to 24 hours. The correct grammar: No tightness and no dryness. Just properly cleansed, comfortable skin. If your skin squeaks, your barrier is weak. This is how you fix that from step one.",contempt
https://www.tiktok.com/@catduqbeauty/video/7619514603944348941,Love cerave but this is a miss for me #beauty #skincare #cleansingbalm #cerave,neg,C:\Users\w ltsc\Desktop\tiktok_downloads\audio\7619514603944348941.wav,C:\Users\w ltsc\Desktop\tiktok_downloads\videos\7619514603944348941.mp4,"Quick review, but I am going to return this CeraVe Cleansing Balm. I love CeraVe, so nothing against the brand, but this product is not a win for me. In my opinion, this leaves a little bit of like a oily residue. It doesn't feel like it rinses clean to me, so this is going back.",neutral
https://www.tiktok.com/@dailyglambyshahad/video/7625022403818704158,I had high hopes for this …but it did NOTHING for my skin 😭what toner do you recommend?? #fyp #skincare #honestreview,neg,C:\Users\w ltsc\Desktop\tiktok_downloads\audio\7625022403818704158.wav,C:\Users\w ltsc\Desktop\tiktok_downloads\videos\7625022403818704158.mp4,"The worst toner I've ever used I had so much expectation since I always use CeraVe and it always worked for me But ever since I use the toner it doesn't work at all It gives me acne and breakouts and dry skin as well. Honestly, I wouldn't buy this again I want to know what you guys use for toner and if you can give me a recommendation in the comment I would really appreciate it.",neutral
https://www.tiktok.com/@melinachvz/video/7536391320332520710,De la nada 🙃  Estaba usando el CeraVe Foaming Facial Ceramic Cleaser para piel normal hasta piel grasosa y ahora estaré probando el CeraVe Hydrating Foaming Oil Cleaser para piel para piel seca. Con fe se me pasa  #skincare #pieldañada #cerave #jabonescerave #ceravecanada #ceravecleanser #recomendaciones,neg,C:\Users\w ltsc\Desktop\tiktok_downloads\audio\7536391320332520710.wav,C:\Users\w ltsc\Desktop\tiktok_downloads\videos\7536391320332520710.mp4,"I'm going to change my face makeup, but I don't know which one I'm going to use, I'm going to use this one that I've been waiting for. This one that I've been using is for normal skin, fat, but what you don't know is that I live in Canada. It's so dry here, you put a jean in the bathroom for one night and it's dry the next day, so I can't imagine what it's doing to my skin. I've never used a dry skin makeup because my skin is super greasy, but here in Canada I realized that my skin is not as greasy as before. So, this is it. I'm not liking it at all. Let's see how it goes. I'm going to go like this, doing several videos. I'm going to do the advance, if there are improvements, or if they come out in grains. Follow me on this video so you won't be forgotten. It has this consistency. It doesn't smell like anything strong. Now this is for this. I'm going to change my soap for this one, because I'm already scared of the eye. And well, I'm going to go for the hydrating one, which I also have three of ours. This is super hydrating. Well, remember to save the video.",neutral
https://www.tiktok.com/@lizzylouis6/video/7651756672548965654,"Replying to @rahinatshehu  Before you buy anything trending, pause. 🛑  Skincare is not universal. What works for thousands online can still trigger irritation for you. Eczema-prone or sensitive skin can react even to ""gentle"" formulas if your barrier is already compromised. That doesn't mean the product is bad, it means your skin is speaking. If something burns, stings, or flares you up, stop using it and re-assess.  Viral doesn't mean suitable. Have you ever reacted to a ""safe"" or viral product before? let me know in the comment #cerave  #eczemaflareup  #skinbarrier  #skincaretips  #lizzyUnfiltered",neg,C:\Users\w ltsc\Desktop\tiktok_downloads\audio\7651756672548965654.wav,C:\Users\w ltsc\Desktop\tiktok_downloads\videos\7651756672548965654.mp4,"But I have the CeraVe AM and PM face cream and they give me serious reactions eczema. Since I'm so glad you commented this because we need to talk about this. First things first, if it's burning or making your eczema worse, please stop using it. The best is, this is exactly why I always say skincare is the best thing now. CeraVe works for millions of people, but that doesn't mean it's going to work for you. If your skin barrier is already sensitive or you have eczema, Even the gentle product can sting or flay you up. Please listen to your skin and not tick-tock trends. And if you've ever reacted to a product that everyone else seemed to love, please drop it in the comment because I know you're not alone. Anyway, stay beautiful even under pressure.",neutral
https://www.tiktok.com/@ambsxgshop/video/7637208039354912022,The difference I’ve noticed 👀🫶🏼 #cerave #ceravesasmoothingcleanser #bodyacne #dryskin,neutral,C:\Users\w ltsc\Desktop\tiktok_downloads\audio\7637208039354912022.wav,C:\Users\w ltsc\Desktop\tiktok_downloads\videos\7637208039354912022.mp4,"If your back is looking like this, or your arms are looking like this, you're not dirty. You're just not using the right cleanser. You've tried all of the scrubs, all of the creams, and all of the lotions, and nothing seems to be tackling your strawberry arms. Don't worry, I completely get you. My arms have always been very, very strawberry-like, literally since I was a child, but we are tackling it and using an exfoliating cleanser. I particularly love this Essay Soothing Cleanser by CeraVe, because it's got your sicilic acid to that exfoliating, but it's also got hyaluronic acid that can really help hydrate the skin afterwards. We're very much a work in progress, but the difference, I've noticed in the past few weeks that this is insane. I've got it from Tiktok Shop, but it works out a little bit cheaper than anywhere else. I'll drop the link down there for you to have a look at yourself.",neutral
https://www.tiktok.com/@appoc75/video/7622146623375691026,"The CeraVe Hydrating Cleanser is perfect for anyone with dry or eczema-prone skin. It helps strengthen your skin barrier in just one wash, which makes such a difference when your skin is feeling dry, sensitive, or just a little off. It also hydrates your skin for up to 8 hours, so after cleansing your skin still feels soft, calm, and nourished… never tight or stripped 🤍 @CeraVe #ad #cerave #skincare #developedwithdermatologists #cleanselikeaderm",pos,C:\Users\w ltsc\Desktop\tiktok_downloads\audio\7622146623375691026.wav,C:\Users\w ltsc\Desktop\tiktok_downloads\videos\7622146623375691026.mp4,The CeraVe Hydrating Cleanser strengthens your skin barrier in just one wash and hydrates your skin up to 8 hours. This is the type of cleanser I would recommend to my dry skin girlies.,contempt
https://www.tiktok.com/@operation_niki/video/7662173851547143437,"#CeraVePartner The only squeak I want in my morning routine is my clean mirror. 🤍 The @CeraVe Foaming Facial Cleanser leaves my skin feeling clean, fresh, and balanced…never squeaky or stripped. It's been the perfect way to start my mornings. ✨ #MorningRoutine #Skincare #SkincareRoutine",pos,C:\Users\w ltsc\Desktop\tiktok_downloads\audio\7662173851547143437.wav,C:\Users\w ltsc\Desktop\tiktok_downloads\videos\7662173851547143437.mp4,"I've partnered with CeraVee, and as someone who loves a clean home, this is the only squeak I actually wanna hear. If your skin squeaks after you wash it, your barrier could be weakened. I've been using the CeraVee Foaming Facial Cleanser because it cleans away oil, dirt, and makeup without stripping my skin. It's developed with dermatologists and formulated with three essential ceramides, niacinamide, and hyaluronic acid to help support a stronger skin barrier from day one. My skin feels clean, fresh, and balanced, never tight or dry. That's exactly how I wanna start my mornings. And the 19 ounce bottle is such a great value on Amazon.",neutral
https://www.tiktok.com/@japanfindsbymomnaa/video/7662749307321322760,Fast absorbing? ✅ Non-greasy? ✅ But would I buy it again? Absolutely not. 👀❌ Watch till the end to know why! #WorthItOrWasteIt #CeraVeReview #SkincareReview #JapanFinds #BeautyTok,neg,C:\Users\w ltsc\Desktop\tiktok_downloads\audio\7662749307321322760.wav,C:\Users\w ltsc\Desktop\tiktok_downloads\videos\7662749307321322760.mp4,"Before you buy this syrupy cream, wash it first. Assalamualaikum, I am Momena from Japan. Welcome to my series worth it or wasted episode number 7. This cream is designed to help repair the skin barrier and keep your skin hydrated. It's fragrance free so it's also a good option for dry and sensitive skin. I also noticed that it's a non greasy and honestly it absorbs into skin really fast. At first I was actually impressed, but here's the problem. After applying this moisturizer, my face starts sweating a lot while wearing this cream whenever I go to the kitchen or any hot place. It feels uncomfortable, sticky and really irritated for me. Maybe it works well for colder weather but for me, especially in summer, it's a no. It's a waste of money. I will not recommend it to you. Would you still buy it? Let me know in the comments. Okay, bye.",neutral
https://www.tiktok.com/@tiffs.money.tips/video/7661801541426285838,"If you use Cerave for your skincare, you’ll want to hear this 👀 #cerave #skincare #beautytok #classaction #lawsuit",neg,C:\Users\w ltsc\Desktop\tiktok_downloads\audio\7661801541426285838.wav,C:\Users\w ltsc\Desktop\tiktok_downloads\videos\7661801541426285838.mp4,"So, apparently, CeraVe, one of America's favorite skincare brands, is under six federal lawsuits right now for cancer-causing ingredients in them, guys. Six federal lawsuits. You heard me, and I'll tell you why. They found benzene, which is a Group 1 carcinogen inside the acne and teal products. The fact that people have actually been wiping their face with this risk is actually insane, and they're being sued for it. Now, before you ask me if the other products are okay, ever since L'Oreal bought out CeraVe, have gone downhill. The ingredients are added to the ingredients. Synthetic preservatives, corn oil, and other chemicals are added to the ingredients. But anyway, if you ever bought anything from survey, you can sue and file for this lawsuit. You can do it on claimmoney.com. It's a no-proof lawsuit, so you don't need any receipts to file for it, guys. So yeah, go file, and I'm switching to a different skin care line.",neutral
https://www.tiktok.com/@stephaniebokesa/video/7422322083922840864,My skin after trying the cerave retinol seum @CeraVe @ceravefrance #creatorsearchinsights #retinol #ceraveretinol #ceraveretinolserum #retinolserum #beforeafter #ceraveretinol #resurfacingretinolserum #skincareroutinetips,neutral,C:\Users\w ltsc\Desktop\tiktok_downloads\audio\7422322083922840864.wav,C:\Users\w ltsc\Desktop\tiktok_downloads\videos\7422322083922840864.mp4,"This is my skin one week trying the CeraVe Retinol Serum. I'm going to put a video of me talking about it and let me know if there is a difference. Personally, I don't know. I don't think I've been seeing great difference. Maybe one week is not enough, but I'm going to continue using it and I'll keep you guys updated on how it treats my hyperpigmentation and my pimples. This pimple, I didn't have it yesterday. I did not have this one. Iwoke up with this pimple. In the meantime, I did put this product yesterday night, So I don't understand hopefully two months from now the result will be more obvious because right now I'm not seeing anything like Wow, it's not it's not it's not giving ease at more having So stay tuned for next week update.",sad
